{
  "benchmark": "wellness_tick_latency",
  "n_iter": 200.0,
  "n_warmup": 30.0,
  "min_ms": 0.16087500262074172,
  "p50_ms": 0.2328120026504621,
  "p95_ms": 0.2668330125743523,
  "max_ms": 1.923582996823825,
  "mean_ms": 0.23703699502220843,
  "stdev_ms": 0.12364599600252428,
  "trained_artifact": 1.0
}